t_s,sp_V,pv_V,error_V,u_V,dac_V
23.7,2.500,2.586,-0.086,0.202,0.207
24.2,2.500,2.593,-0.093,0.214,0.220
24.7,2.500,2.581,-0.081,0.207,0.207
25.2,2.500,2.584,-0.084,0.214,0.220
25.7,2.500,2.585,-0.085,0.219,0.220
26.2,2.500,2.581,-0.081,0.219,0.220
26.7,2.500,2.581,-0.081,0.223,0.220
27.2,2.500,2.583,-0.083,0.230,0.233
27.7,2.500,2.579,-0.079,0.229,0.233
28.2,2.500,2.586,-0.086,0.240,0.246
28.8,2.500,2.560,-0.060,0.217,0.220
29.2,2.500,2.581,-0.081,0.242,0.246
29.7,2.500,2.576,-0.076,0.241,0.246
30.2,2.500,2.570,-0.070,0.238,0.233
30.7,2.500,2.575,-0.075,0.247,0.246
31.2,2.500,2.594,-0.094,0.272,0.272
31.7,2.500,2.574,-0.074,0.255,0.259
32.2,2.500,2.570,-0.070,0.254,0.259
32.7,2.500,2.574,-0.074,0.262,0.259
33.3,2.500,2.568,-0.068,0.259,0.259
33.7,2.500,2.563,-0.063,0.258,0.259
34.2,2.500,2.568,-0.068,0.266,0.272
34.7,2.500,2.565,-0.065,0.266,0.272
35.2,2.500,2.570,-0.070,0.275,0.272
35.7,2.500,2.563,-0.063,0.271,0.272
36.2,2.500,2.562,-0.062,0.272,0.272
36.8,2.500,2.562,-0.062,0.276,0.272
37.2,2.500,2.558,-0.058,0.275,0.272
37.7,2.500,2.560,-0.060,0.280,0.285
38.2,2.500,2.554,-0.053,0.276,0.272
38.7,2.500,2.558,-0.058,0.284,0.285
39.2,2.500,2.557,-0.057,0.285,0.285
39.7,2.500,2.552,-0.052,0.283,0.285
40.2,2.500,2.547,-0.047,0.281,0.285
40.7,2.500,2.562,-0.062,0.298,0.298
41.3,2.500,2.546,-0.046,0.284,0.285
41.7,2.500,2.552,-0.052,0.293,0.298
42.3,2.500,2.542,-0.042,0.285,0.285
42.7,2.500,2.542,-0.042,0.287,0.285
43.2,2.500,2.550,-0.050,0.298,0.298
43.7,2.500,2.547,-0.047,0.297,0.298
44.2,2.500,2.541,-0.041,0.294,0.298
44.7,2.500,2.539,-0.039,0.293,0.298
45.2,2.500,2.532,-0.032,0.288,0.285
45.8,2.500,2.532,-0.032,0.290,0.285
46.2,2.500,2.533,-0.033,0.292,0.298
46.7,2.500,2.530,-0.030,0.290,0.285
47.2,2.500,2.535,-0.035,0.297,0.298
47.7,2.500,2.530,-0.030,0.294,0.298
48.2,2.500,2.527,-0.027,0.292,0.298
48.7,2.500,2.529,-0.029,0.295,0.298
49.2,2.500,2.529,-0.029,0.298,0.298
49.8,2.500,2.528,-0.028,0.297,0.298
50.3,2.500,2.519,-0.019,0.289,0.285
50.7,2.500,2.523,-0.023,0.295,0.298
51.2,2.500,2.524,-0.024,0.297,0.298
51.7,2.500,2.521,-0.021,0.295,0.298
52.2,2.500,2.523,-0.023,0.298,0.298
52.7,2.500,2.513,-0.013,0.289,0.285
53.2,2.500,2.525,-0.025,0.302,0.298
53.8,2.500,2.523,-0.023,0.301,0.298
54.2,2.500,2.516,-0.016,0.295,0.298
54.7,2.500,2.518,-0.018,0.298,0.298
55.2,2.500,2.520,-0.020,0.301,0.298
55.7,2.500,2.519,-0.019,0.301,0.298
56.2,2.500,2.513,-0.013,0.296,0.298
56.7,2.500,2.518,-0.018,0.301,0.298
57.2,2.500,2.520,-0.020,0.304,0.298
57.7,2.500,2.517,-0.017,0.303,0.298
58.3,2.500,2.514,-0.014,0.300,0.298
58.7,2.500,2.524,-0.024,0.311,0.311
59.2,2.500,2.516,-0.016,0.304,0.298
59.7,2.500,2.514,-0.014,0.303,0.298
60.2,2.500,2.518,-0.018,0.308,0.311
60.7,2.500,2.517,-0.017,0.307,0.311
61.2,2.500,2.505,-0.005,0.296,0.298
61.7,2.500,2.515,-0.015,0.306,0.311
62.2,2.500,2.509,-0.009,0.300,0.298
62.8,2.500,2.512,-0.012,0.304,0.298
63.2,2.500,2.509,-0.009,0.301,0.298
63.7,2.500,2.508,-0.007,0.301,0.298
64.2,2.500,2.506,-0.006,0.299,0.298
64.7,2.500,2.507,-0.007,0.301,0.298
65.2,2.500,2.504,-0.004,0.298,0.298
65.7,2.500,2.504,-0.004,0.298,0.298
66.3,2.500,2.504,-0.004,0.298,0.298
66.7,2.500,2.504,-0.004,0.299,0.298
67.2,2.500,2.497,0.003,0.292,0.298
67.7,2.500,2.501,-0.001,0.296,0.298
68.2,2.500,2.502,-0.002,0.297,0.298
68.7,2.500,2.504,-0.004,0.299,0.298
69.2,2.500,2.504,-0.004,0.299,0.298
69.7,2.500,2.516,-0.016,0.312,0.311
70.2,2.500,2.501,-0.001,0.297,0.298
70.7,2.500,2.502,-0.002,0.298,0.298
71.3,2.500,2.505,-0.005,0.302,0.298
71.7,2.500,2.497,0.003,0.293,0.298
72.2,2.500,2.505,-0.005,0.301,0.298
72.7,2.500,2.502,-0.002,0.299,0.298
73.2,2.500,2.498,0.002,0.294,0.298
73.7,2.500,2.498,0.002,0.294,0.298
74.2,2.500,2.498,0.002,0.294,0.298
74.7,2.500,2.504,-0.004,0.300,0.298
75.2,2.500,2.498,0.002,0.294,0.298
75.7,2.500,2.496,0.004,0.292,0.298
76.2,2.500,2.497,0.003,0.293,0.298
76.7,2.500,2.498,0.002,0.294,0.298
77.2,2.500,2.496,0.004,0.292,0.298
77.7,2.500,2.496,0.004,0.292,0.298
78.2,2.500,2.498,0.002,0.294,0.298
78.7,2.500,2.494,0.006,0.289,0.285
79.2,2.500,2.496,0.004,0.291,0.285
79.7,2.500,2.501,-0.001,0.296,0.298
80.2,2.500,2.498,0.002,0.293,0.298
80.7,2.500,2.501,-0.001,0.296,0.298
81.2,2.500,2.496,0.004,0.291,0.285
81.7,2.500,2.499,0.001,0.293,0.298
82.2,2.500,2.502,-0.002,0.296,0.298
82.7,2.500,2.499,0.001,0.293,0.298
83.2,2.500,2.499,0.001,0.294,0.298
83.7,2.500,2.499,0.001,0.294,0.298
84.2,1.500,2.494,-0.994,1.338,1.333
84.7,1.500,2.471,-0.971,1.364,1.359
85.2,1.500,2.448,-0.948,1.388,1.385
85.7,1.500,2.419,-0.918,1.405,1.411
86.2,1.500,2.398,-0.898,1.429,1.424
86.7,1.500,2.370,-0.870,1.444,1.449
87.2,1.500,2.344,-0.844,1.461,1.462
87.7,1.500,2.316,-0.816,1.473,1.475
88.2,1.500,2.293,-0.793,1.490,1.488
88.8,1.500,2.275,-0.775,1.510,1.514
89.2,1.500,2.257,-0.757,1.530,1.527
89.7,1.500,2.227,-0.727,1.537,1.540
90.2,1.500,2.230,-0.730,1.577,1.579
90.7,1.500,2.186,-0.686,1.567,1.566
91.2,1.500,2.172,-0.672,1.586,1.592
91.7,1.500,2.149,-0.649,1.596,1.592
92.2,1.500,2.128,-0.628,1.606,1.605
92.7,1.500,2.108,-0.608,1.616,1.618
93.3,1.500,2.093,-0.592,1.631,1.631
93.7,1.500,2.070,-0.570,1.637,1.644
94.2,1.500,2.052,-0.552,1.646,1.644
94.7,1.500,2.035,-0.535,1.656,1.656
95.2,1.500,2.019,-0.519,1.666,1.669
95.7,1.500,2.006,-0.506,1.678,1.682
96.3,1.500,1.975,-0.475,1.671,1.669
96.8,1.500,1.965,-0.465,1.684,1.682
97.2,1.500,1.936,-0.436,1.677,1.682
97.8,1.500,1.938,-0.438,1.701,1.695
98.2,1.500,1.924,-0.424,1.708,1.708
98.7,1.500,1.900,-0.400,1.705,1.708
99.2,1.500,1.887,-0.387,1.711,1.708
99.7,1.500,1.870,-0.370,1.712,1.708
100.2,1.500,1.858,-0.358,1.718,1.721
100.7,1.500,1.839,-0.339,1.716,1.721
101.3,1.500,1.831,-0.331,1.725,1.721
101.7,1.500,1.811,-0.311,1.720,1.721
102.2,1.500,1.802,-0.302,1.726,1.721
102.7,1.500,1.787,-0.287,1.726,1.721
103.2,1.500,1.778,-0.278,1.730,1.734
103.7,1.500,1.767,-0.267,1.733,1.734
104.2,1.500,1.749,-0.248,1.727,1.721
104.7,1.500,1.741,-0.241,1.731,1.734
105.2,1.500,1.728,-0.228,1.730,1.734
105.8,1.500,1.716,-0.216,1.728,1.734
106.2,1.500,1.708,-0.208,1.731,1.734
106.7,1.500,1.699,-0.199,1.732,1.734
107.2,1.500,1.687,-0.187,1.729,1.734
107.7,1.500,1.681,-0.181,1.732,1.734
108.2,1.500,1.677,-0.177,1.737,1.734
108.7,1.500,1.658,-0.158,1.726,1.721
109.3,1.500,1.649,-0.149,1.724,1.721
109.7,1.500,1.640,-0.140,1.722,1.721
110.3,1.500,1.634,-0.134,1.723,1.721
110.7,1.500,1.629,-0.129,1.724,1.721
111.2,1.500,1.616,-0.116,1.717,1.721
111.7,1.500,1.615,-0.115,1.723,1.721
112.2,1.500,1.606,-0.106,1.718,1.721
112.7,1.500,1.602,-0.102,1.720,1.721
113.2,1.500,1.591,-0.091,1.713,1.708
113.8,1.500,1.582,-0.082,1.708,1.708
114.2,1.500,1.582,-0.082,1.712,1.708
114.8,1.500,1.576,-0.076,1.710,1.708
115.2,1.500,1.568,-0.068,1.705,1.708
115.7,1.500,1.562,-0.062,1.702,1.708
116.2,1.500,1.562,-0.062,1.705,1.708
116.7,1.500,1.551,-0.051,1.697,1.695
117.2,1.500,1.546,-0.046,1.695,1.695
117.7,1.500,1.542,-0.042,1.693,1.695
118.3,1.500,1.542,-0.042,1.694,1.695
118.7,1.500,1.535,-0.035,1.689,1.695
119.2,1.500,1.521,-0.021,1.676,1.682
119.7,1.500,1.522,-0.022,1.679,1.682
120.2,1.500,1.523,-0.023,1.681,1.682
120.7,1.500,1.518,-0.018,1.676,1.682
121.2,1.500,1.515,-0.015,1.674,1.669
121.7,1.500,1.517,-0.017,1.677,1.682
122.2,1.500,1.509,-0.008,1.669,1.669
122.8,1.500,1.500,-0.000,1.661,1.656
123.2,1.500,1.501,-0.001,1.661,1.656
123.7,1.500,1.502,-0.002,1.663,1.656
124.2,1.500,1.497,0.003,1.658,1.656
124.7,1.500,1.497,0.003,1.658,1.656
125.2,1.500,1.497,0.003,1.658,1.656
125.7,1.500,1.494,0.006,1.654,1.656
126.3,1.500,1.487,0.013,1.646,1.644
126.7,1.500,1.486,0.014,1.645,1.644
127.2,1.500,1.487,0.013,1.645,1.644
127.7,1.500,1.481,0.019,1.638,1.644
128.2,1.500,1.480,0.020,1.636,1.631
128.7,1.500,1.474,0.026,1.628,1.631
129.2,1.500,1.478,0.022,1.632,1.631
129.7,1.500,1.488,0.012,1.641,1.644
130.2,1.500,1.478,0.022,1.630,1.631
130.8,1.500,1.484,0.016,1.635,1.631
131.2,1.500,1.473,0.027,1.623,1.618
131.8,1.500,1.471,0.029,1.619,1.618
132.2,1.500,1.471,0.029,1.618,1.618
132.7,1.500,1.476,0.024,1.622,1.618
133.2,1.500,1.481,0.019,1.626,1.631
133.7,1.500,1.468,0.032,1.611,1.618
134.2,1.500,1.480,0.020,1.623,1.618
134.7,1.500,1.474,0.026,1.614,1.618
135.3,1.500,1.474,0.026,1.613,1.618
135.7,1.500,1.470,0.030,1.609,1.605
136.3,1.500,1.476,0.024,1.613,1.618
136.7,1.500,1.480,0.020,1.616,1.618
137.2,1.500,1.472,0.028,1.607,1.605
137.7,1.500,1.481,0.019,1.615,1.618
138.2,1.500,1.465,0.035,1.597,1.592
138.7,1.500,1.474,0.026,1.604,1.605
139.2,1.500,1.465,0.035,1.594,1.592
139.8,1.500,1.480,0.020,1.608,1.605
140.2,1.500,1.468,0.032,1.594,1.592
140.7,1.500,1.476,0.024,1.601,1.605
141.2,1.500,1.466,0.034,1.589,1.592
141.7,1.500,1.474,0.026,1.595,1.592
142.2,1.500,1.480,0.020,1.601,1.605
142.7,1.500,1.471,0.029,1.590,1.592
143.3,1.500,1.483,0.017,1.602,1.605
143.7,1.500,1.470,0.030,1.587,1.592
144.3,1.500,1.477,0.023,1.593,1.592
144.7,1.500,1.475,0.025,1.590,1.592
145.2,1.500,1.469,0.031,1.583,1.579
145.7,1.500,1.480,0.020,1.592,1.592
146.2,1.500,1.475,0.025,1.586,1.592
146.7,1.500,1.479,0.021,1.589,1.592
147.2,1.500,1.473,0.027,1.582,1.579
147.8,1.500,1.482,0.018,1.590,1.592
148.2,1.500,1.457,0.043,1.563,1.566
148.8,1.500,1.468,0.032,1.572,1.566
149.2,1.500,1.479,0.021,1.582,1.579
149.7,1.500,1.489,0.011,1.591,1.592
150.2,1.500,1.477,0.023,1.578,1.579
150.7,1.500,1.474,0.026,1.574,1.579
151.2,1.500,1.485,0.015,1.584,1.579
151.7,1.500,1.482,0.018,1.580,1.579
152.3,1.500,1.485,0.015,1.583,1.579
152.7,1.500,1.478,0.022,1.574,1.579
153.2,1.500,1.480,0.020,1.575,1.579
153.7,1.500,1.479,0.021,1.573,1.579
154.2,1.500,1.487,0.013,1.580,1.579
154.7,1.500,1.485,0.015,1.578,1.579
155.2,1.500,1.480,0.020,1.571,1.566
155.7,1.500,1.490,0.010,1.581,1.579
156.2,1.500,1.486,0.014,1.577,1.579
156.8,1.500,1.481,0.019,1.571,1.566
157.2,1.500,1.497,0.003,1.587,1.592
157.7,1.500,1.491,0.009,1.581,1.579
158.2,1.500,1.483,0.017,1.571,1.566
158.7,1.500,1.489,0.011,1.577,1.579
159.2,1.500,1.485,0.015,1.572,1.566
159.7,1.500,1.482,0.018,1.568,1.566
160.3,1.500,1.489,0.011,1.574,1.579
160.7,1.500,1.494,0.006,1.579,1.579
161.3,1.500,1.477,0.023,1.561,1.566
161.7,1.500,1.494,0.006,1.577,1.579
162.2,1.500,1.491,0.009,1.574,1.579
162.7,1.500,1.492,0.008,1.575,1.579
163.2,1.500,1.497,0.003,1.580,1.579
163.7,1.500,1.493,0.007,1.576,1.579
164.2,1.500,1.492,0.008,1.574,1.579
164.7,1.500,1.484,0.016,1.565,1.566
165.3,1.500,1.502,-0.002,1.583,1.579
165.7,1.500,1.490,0.010,1.571,1.566
166.2,1.500,1.491,0.009,1.571,1.566
166.7,1.500,1.481,0.019,1.560,1.566
167.2,1.500,1.489,0.012,1.567,1.566
167.7,1.500,1.494,0.006,1.573,1.579
168.2,1.500,1.498,0.002,1.576,1.579
168.7,1.500,1.492,0.008,1.570,1.566
169.3,1.500,1.489,0.011,1.567,1.566
169.7,1.500,1.497,0.003,1.575,1.579
170.3,1.500,1.494,0.006,1.571,1.566
170.7,1.500,1.493,0.007,1.570,1.566
171.2,1.500,1.493,0.007,1.569,1.566
171.7,1.500,1.493,0.007,0.000,0.000
172.2,1.500,1.532,-0.032,0.000,0.000
172.7,1.500,1.575,-0.075,0.000,0.000
173.2,1.500,1.603,-0.103,0.000,0.000
